transaction_amount,transaction_count_day,device_type,location,account_age_days,is_international,amount_per_transaction,is_new_account,amount_deviation,anomaly_label,anomaly_score
390.39,5,Mobile,USA,1178,0,65.065,0,-0.277676320684525,Normal,0.1455968931642272
308.01,2,Mobile,Germany,1098,1,102.67,0,-0.34654353521265135,Normal,0.11330421201365876
464.39,3,Tablet,UK,1280,0,116.0975,0,-0.2158145353594297,Normal,0.14164269165208448
780.8,7,Web,Germany,744,0,97.6,0,0.048694755109670286,Normal,0.12216363513260575
497.08,3,Mobile,Germany,1000,1,124.27,0,-0.1884866737070329,Normal,0.14165902139095649
360.11,5,Web,UK,834,0,60.01833333333334,0,-0.30298949446349643,Normal,0.11675951332426054
305.76,8,Tablet,USA,1472,1,33.97333333333333,0,-0.34842446787456305,Normal,0.006337642732459403
484.23,1,Tablet,UK,115,0,242.115,0,-0.19922888913172848,Normal,0.10696425417447186
200.76,2,Tablet,UK,190,0,66.92,0,-0.4362013254304415,Normal,0.09191556102998266
304.97,2,Tablet,Germany,193,0,101.65666666666668,0,-0.349084884231412,Normal,0.14128074417590192
8917.0,16,Web,UK,235,0,524.5294117647059,0,6.850314454596702,Anomaly,-0.12032603412760978
698.49,3,Mobile,USA,786,0,174.6225,0,-0.020113941513418773,Normal,0.1489079432387599
480.74,4,Tablet,UK,799,0,96.148,0,-0.20214642468287147,Normal,0.14506728230120147
430.15,1,Tablet,USA,1122,0,215.075,0,-0.2444381506233657,Normal,0.12002027065393228
508.78,7,Web,USA,697,0,63.5975,0,-0.17870582386509215,Normal,0.09624494959969382
852.2,6,Web,Germany,539,1,121.74285714285715,0,0.10838301824766772,Normal,0.0642816747850552
560.75,2,Tablet,India,1404,1,186.91666666666666,0,-0.13526045922529212,Normal,0.0662501304407288
636.46,2,Mobile,India,981,0,212.15333333333334,0,-0.0719691650771439,Normal,0.14696799654187198
469.63,1,Mobile,Germany,945,0,234.815,0,-0.2114340521823554,Normal,0.1829539043550658
509.13,0,Tablet,UK,1432,0,509.13,0,-0.17841323433990589,Normal,0.06187718481560578
597.07,4,Web,Germany,115,0,119.41400000000002,0,-0.10489802621167772,Normal,0.16534398957637858
518.91,3,Tablet,USA,1304,1,129.7275,0,-0.1702374470361298,Normal,0.08046141894599734
215.39,4,Tablet,India,840,1,43.077999999999996,0,-0.42397108327765576,Normal,0.04813686363189884
692.08,5,Web,Germany,688,0,115.34666666666668,0,-0.025472509674687137,Normal,0.16592628215954636
407.73,1,Tablet,UK,858,0,203.865,0,-0.26318059963672563,Normal,0.1280090667733309
816.7,1,Tablet,Germany,1065,0,408.35,0,0.07870608069306119,Normal,0.09877167702610412
603.03,2,Tablet,India,402,1,201.01,0,-0.09991564458279173,Normal,0.09046318083832627
510.65,6,Web,Germany,49,0,72.95,0,-0.17714255983052557,Normal,0.14786279182799217
565.9,3,Mobile,Germany,669,0,141.475,0,-0.1309552133546943,Normal,0.1942745820609441
483.73,3,Mobile,India,1251,0,120.9325,0,-0.19964687416770885,Normal,0.14307164090822405
427.04,2,Web,USA,990,0,142.34666666666666,0,-0.2470380175471636,Normal,0.1494334540502349
531.14,6,Mobile,USA,1115,0,75.87714285714286,0,-0.16001353305604984,Normal,0.1469300642712449
632.75,1,Tablet,India,854,1,316.375,0,-0.0750706140441183,Normal,0.06751512169820406
430.32,3,Mobile,Germany,210,0,107.58,0,-0.24429603571113237,Normal,0.18045396778801553
406.66,1,Tablet,India,456,0,203.33,0,-0.2640750876137236,Normal,0.10966989831827423
446.68,2,Mobile,USA,1461,0,148.89333333333335,0,-0.23061956533385453,Normal,0.14315674909630838
642.8,4,Web,UK,1071,0,128.56,0,-0.06666911482091284,Normal,0.11871948063342802
717.88,5,Mobile,Germany,1244,0,119.64666666666666,0,-0.003904481818099896,Normal,0.16414687607079376
554.3,8,Mobile,USA,453,0,61.58888888888888,0,-0.14065246618943897,Normal,0.10525032208360069
587.2,2,Mobile,Germany,1360,0,195.73333333333335,0,-0.1131490508219303,Normal,0.17573821877668067
405.54,2,Web,India,770,0,135.18,0,-0.2650113740943197,Normal,0.12714792809754827
631.51,4,Mobile,UK,236,0,126.30199999999999,0,-0.07610721693334964,Normal,0.1407933290522526
582.76,0,Web,India,57,0,582.76,0,-0.11686075794143606,Normal,0.022272752664468265
393.48,4,Tablet,UK,1051,1,78.696,0,-0.2750931731621663,Normal,0.06591279523534666
231.85,3,Mobile,Germany,921,0,57.9625,0,-0.4102110158931819,Normal,0.16274204993399877
316.91,6,Web,Germany,1472,0,45.27285714285715,0,-0.3391034015722007,Normal,0.1262622735518389
399.62,2,Web,India,196,0,133.20666666666668,0,-0.2699603169203273,Normal,0.11414655184189454
674.29,2,Mobile,UK,354,0,224.76333333333332,0,-0.0403444172548689,Normal,0.13650099832314694
732.93,3,Tablet,UK,233,0,183.2325,0,0.008676867764909313,Normal,0.10637166302217538
434.07,6,Web,Germany,839,0,62.01,0,-0.24116114794127957,Normal,0.1695471036208403
438.81,0,Mobile,India,497,0,438.81,0,-0.23719864980018562,Normal,0.08078930859936129
539.24,4,Tablet,UK,886,0,107.848,0,-0.15324217547316776,Normal,0.13995820773242484
6253.0,15,Web,Germany,858,0,390.8125,0,4.623290182893271,Anomaly,-0.0594720314180629
639.64,3,Web,USA,1262,1,159.91,0,-0.06931078024830876,Normal,0.06580630544175148
421.52,4,Tablet,India,1423,1,84.304,0,-0.251652572344387,Normal,0.05839360235456359
642.37,4,Tablet,USA,988,0,128.474,0,-0.06702858195185592,Normal,0.11926088069540064
464.12,4,Mobile,India,1026,0,92.824,0,-0.21604024727885912,Normal,0.14596507785407514
628.1,1,Mobile,Germany,197,1,314.05,0,-0.07895787487873576,Normal,0.10957907335893863
459.34,5,Web,UK,279,1,76.55666666666666,0,-0.2200361842228315,Normal,0.0585290759604391
408.04,6,Tablet,UK,319,0,58.291428571428575,0,-0.2629214489144178,Normal,0.11066717975829404
786.85,0,Tablet,UK,1165,0,786.85,0,0.053752374045032865,Normal,0.0050294047490189175
659.78,4,Tablet,India,1105,0,131.956,0,-0.05247434299901933,Normal,0.11421183393689827
231.19,2,Web,Germany,854,0,77.06333333333333,0,-0.410762756140676,Normal,0.15337986814280913
432.98,2,Tablet,USA,1220,0,144.32666666666668,0,-0.24207235531971677,Normal,0.1380589953568377
680.74,3,Tablet,Germany,495,0,170.185,0,-0.03495241029072204,Normal,0.15959476468649914
320.5,1,Web,USA,1224,0,160.25,0,-0.33610226901386164,Normal,0.1161318794967246
615.6,1,Mobile,India,1455,0,307.8,0,-0.0894075007782451,Normal,0.1076252374227547
600.06,5,Mobile,India,129,0,100.00999999999999,0,-0.10239847569651518,Normal,0.11183618435248133
395.13,0,Web,USA,229,0,395.13,0,-0.2737138225434311,Normal,0.08882218255764435
498.68,2,Tablet,USA,62,0,166.22666666666666,0,-0.18714912159189567,Normal,0.10284562479680048
186.5,3,Web,USA,1484,0,46.625,0,-0.44812225865660177,Normal,0.07327374936519448
765.56,2,Mobile,Germany,1445,0,255.18666666666664,0,0.03595457121298849,Normal,0.1490820905149507
453.64,2,Mobile,USA,1270,1,151.21333333333334,0,-0.22480121363300776,Normal,0.10037136486425274
620.57,1,Web,India,767,0,310.285,0,-0.08525272952060016,Normal,0.10483370875585601
592.08,1,Web,India,747,0,296.04,0,-0.10906951687076186,Normal,0.10470718760805947
703.68,3,Mobile,UK,729,0,175.92,0,-0.015775256839942544,Normal,0.1439457794448255
435.0,1,Web,USA,415,0,217.5,0,-0.24038369577435606,Normal,0.13684070508988316
530.57,2,Mobile,Germany,617,1,176.85666666666668,0,-0.1604900359970674,Normal,0.14875790122788718
583.87,0,Web,Germany,1030,0,583.87,0,-0.11593283116155963,Normal,0.08918777430143932
630.88,1,Web,Germany,431,0,315.44,0,-0.07663387807868491,Normal,0.14946780550124872
673.15,7,Web,UK,721,0,84.14375,0,-0.041297423136904134,Normal,0.09626210747615327
428.39,6,Mobile,India,256,0,61.19857142857143,0,-0.24590945795001662,Normal,0.1071866595753489
400.37,1,Web,Germany,81,1,200.185,0,-0.2693333393663567,Normal,0.08025709279408277
704.02,1,Mobile,India,194,1,352.01,0,-0.015491027015475865,Normal,0.04579317251113002
194.44,4,Mobile,UK,15,0,38.888,1,-0.44148465628523337,Anomaly,-0.03897738873123513
735.5,5,Web,USA,1239,0,122.58333333333333,0,0.010825310849848474,Normal,0.09910724283435807
454.65,5,Web,USA,915,1,75.77499999999999,0,-0.22395688386032742,Normal,0.07633819836343858
499.32,0,Mobile,USA,396,1,499.32,0,-0.1866141007458408,Normal,0.04820119162396452
397.65,5,Mobile,Germany,708,0,66.27499999999999,0,-0.27160717796209,Normal,0.18068594138574423
492.77,3,Tablet,USA,1109,0,123.1925,0,-0.19208970471718373,Normal,0.1434944872091558
690.67,7,Mobile,Germany,1210,0,86.33375,0,-0.026651227476151857,Normal,0.14032478438817514
615.63,3,Tablet,UK,836,1,153.9075,0,-0.0893824216760863,Normal,0.05677238236686555
573.9,3,Tablet,UK,358,0,143.475,0,-0.1242674527790083,Normal,0.14090089508327563
513.33,3,Tablet,Germany,1288,0,128.3325,0,-0.1749021600376707,Normal,0.16668924394204682
283.16,4,Web,India,317,0,56.632000000000005,0,-0.3673173915008759,Normal,0.08974743181476702
373.38,4,Web,USA,1378,0,74.676,0,-0.29189617160857734,Normal,0.10993604044838917
7284.0,20,Mobile,USA,1160,0,346.85714285714283,0,5.485175327084801,Anomaly,-0.0841322761119897
568.65,3,Tablet,USA,296,0,142.1625,0,-0.12865629565680223,Normal,0.11703871862820675
510.45,3,Web,Germany,775,0,127.6125,0,-0.1773097538449177,Normal,0.18553872818345896
647.53,2,Web,UK,734,0,215.84333333333333,0,-0.06271497638053848,Normal,0.13544935955908138
571.04,4,Web,USA,771,0,114.208,0,-0.12665832718481604,Normal,0.13933444902984787
508.15,1,Web,UK,392,0,254.075,0,-0.17923248501042743,Normal,0.1201259892539604
841.36,0,Web,USA,1439,0,841.36,0,0.09932110266761318,Anomaly,-0.0021677379068669733
560.93,7,Tablet,USA,397,1,70.11625,0,-0.13510998461233922,Normal,0.0427406499876547
435.21,1,Tablet,Germany,534,0,217.605,0,-0.24020814205924432,Normal,0.1563020470349017
779.0,1,Tablet,India,648,0,389.5,0,0.04719000898014098,Normal,0.0661558842311285
680.06,1,Tablet,Germany,947,0,340.03,0,-0.0355208699396554,Normal,0.12872215831140915
3170.0,21,Mobile,USA,285,0,144.0909090909091,0,2.0459944510382875,Anomaly,-0.018190017561579896
483.36,1,Tablet,USA,509,0,241.68,0,-0.19995618309433433,Normal,0.10727568714492391
646.45,3,Web,India,726,0,161.6125,0,-0.06361782405825603,Normal,0.11190454187244103
282.07,6,Tablet,UK,346,0,40.29571428571428,0,-0.36822859887931314,Normal,0.09020681805439867
617.6,1,Mobile,UK,941,0,308.8,0,-0.08773556063432361,Normal,0.12529474008085872
3498.0,18,Web,USA,490,0,184.10526315789474,0,2.320192634641413,Anomaly,-0.024967905581743
296.74,3,Tablet,UK,920,0,74.185,0,-0.355964917923649,Normal,0.13689840139509762
654.89,3,Tablet,USA,1306,0,163.7225,0,-0.05656223665090737,Normal,0.11312232187788634
228.48,7,Tablet,India,1091,0,28.56,0,-0.4130282350356896,Normal,0.056109731445612265
213.09,5,Web,India,1361,0,35.515,0,-0.4258938144431655,Normal,0.06673700848748187
554.37,2,Web,USA,118,0,184.79,0,-0.14059394828440167,Normal,0.1241074339990324
585.7,1,Mobile,India,1312,1,292.85,0,-0.11440300592987142,Normal,0.07678877733033873
645.58,7,Web,Germany,337,1,80.6975,0,-0.06434511802086189,Normal,0.074825900666465
611.29,5,Web,Germany,324,0,101.88166666666666,0,-0.09301053178839597,Normal,0.1695484173151403
721.5,3,Tablet,India,1144,0,180.375,0,-0.0008782701576019872,Normal,0.12022768646065712
605.04,2,Web,USA,708,0,201.67999999999998,0,-0.09823534473815064,Normal,0.13743951829279133
480.16,3,Tablet,USA,790,0,120.04,0,-0.2026312873246087,Normal,0.1462299467537551
6020.0,22,Tablet,India,1262,0,261.7391304347826,0,4.428509156126417,Anomaly,-0.08630776502452375
457.67,4,Web,UK,165,1,91.534,0,-0.22143225424300592,Normal,0.05885422449358657
544.32,3,Mobile,Germany,1305,0,136.08,0,-0.14899544750760715,Normal,0.18368068241490593
335.4,3,Mobile,UK,896,1,83.85,0,-0.32364631494164653,Normal,0.08877005619121192
551.14,6,Web,USA,1035,0,78.73428571428572,0,-0.1432941316168349,Normal,0.11746982249978971
487.04,1,Mobile,USA,767,0,243.52,0,-0.19687981322951878,Normal,0.1609875385926095
541.35,4,Tablet,UK,731,0,108.27000000000001,0,-0.1514782786213306,Normal,0.13856531093208613
541.81,2,Tablet,India,922,0,180.60333333333332,0,-0.1510937323882287,Normal,0.13017396415106147
132.16,2,Web,UK,1319,0,44.053333333333335,0,-0.4935488723669488,Normal,0.06441368015873972
364.81,3,Mobile,UK,880,0,91.2025,0,-0.2990604351252809,Normal,0.15752965486104248
483.71,3,Mobile,Germany,22,0,120.9275,1,-0.1996635935691481,Normal,0.018904615276643222
491.68,1,Tablet,Germany,617,1,245.84,0,-0.19300091209562092,Normal,0.10890165003507302
538.91,3,Web,UK,507,0,134.7275,0,-0.15351804559691484,Normal,0.14377170961547825
545.35,2,Mobile,UK,247,1,181.78333333333333,0,-0.1481343983334876,Normal,0.07277336729913408
727.43,4,Web,USA,1127,1,145.486,0,0.004079032369125202,Normal,0.06086444111895062
546.87,6,Mobile,Germany,1371,0,78.12428571428572,0,-0.14686372382410728,Normal,0.15999787800043952
453.05,5,Tablet,Germany,790,0,75.50833333333334,0,-0.22529443597546459,Normal,0.15951204014719578
260.13,5,Tablet,USA,1204,0,43.355,0,-0.38656978225813193,Normal,0.085002771399669
294.71,3,Web,India,615,1,73.6775,0,-0.3576619371697293,Normal,0.04766453868735643
580.32,3,Tablet,Germany,670,0,145.08,0,-0.11890052491702024,Normal,0.1708788486547934
659.07,0,Mobile,Germany,858,0,659.07,0,-0.053067881750111394,Normal,0.09966268188663113
731.21,3,Tablet,India,945,0,182.8025,0,0.007238999241136899,Normal,0.11791507223438541
375.82,4,Web,Germany,637,0,75.164,0,-0.2898564046329931,Normal,0.16986424860422944
454.42,6,Web,Germany,152,0,64.91714285714286,0,-0.22414915697687834,Normal,0.1572192110857561
536.35,2,Web,India,1234,0,178.78333333333333,0,-0.15565812898113432,Normal,0.11834252659439559
807.11,1,Mobile,India,1213,0,403.555,0,0.0706891277029576,Normal,0.08439889284427282
517.23,2,Mobile,UK,723,1,172.41,0,-0.1716418767570238,Normal,0.08924564043194444
732.69,2,Mobile,USA,1397,0,244.23000000000002,0,0.00847623494763882,Normal,0.12280290408344308
525.5,1,Mobile,USA,488,1,262.75,0,-0.16472840426190843,Normal,0.09521798791579011
672.99,2,Mobile,India,574,0,224.33,0,-0.04143117834841783,Normal,0.14302087216383524
653.99,5,Tablet,India,480,1,108.99833333333333,0,-0.057314609715672024,Normal,0.07934835921387229
3228.0,24,Mobile,Germany,393,0,129.12,0,2.094480715212011,Anomaly,-0.009224010429569884
346.94,4,Mobile,UK,935,0,69.388,0,-0.31399922031121946,Normal,0.1472485296310317
459.64,2,Tablet,UK,426,0,153.21333333333334,0,-0.21978539320124327,Normal,0.13994752571898672
723.36,5,Mobile,India,317,1,120.56,0,0.0006766341762450141,Normal,0.056955918064305666
631.67,4,Web,Germany,658,0,126.33399999999999,0,-0.07597346172183594,Normal,0.17911201851983444
434.95,3,Mobile,Germany,1400,1,108.7375,0,-0.24042549427795412,Normal,0.11822514038413329
448.65,4,Mobile,USA,1034,1,89.72999999999999,0,-0.22897270429209188,Normal,0.10712284084902374
240.37,0,Web,USA,1077,0,240.37,0,-0.4030885508800763,Normal,0.0863156757990351
716.65,2,Web,Germany,748,0,238.88333333333333,0,-0.00493272500661163,Normal,0.16177612268056657
632.91,2,Web,USA,1131,0,210.97,0,-0.0749368588326046,Normal,0.13245470918711716
479.44,3,Web,India,1298,0,119.86,0,-0.20323318577642047,Normal,0.11392983065030382
530.02,5,Mobile,Germany,149,1,88.33666666666666,0,-0.1609498195366459,Normal,0.12134648724985975
174.37,3,Web,USA,1270,0,43.5925,0,-0.45826257562948564,Normal,0.08062698811359137
426.99,5,Web,UK,983,0,71.165,0,-0.24707981605076165,Normal,0.12180266225216618
700.17,2,Tablet,Germany,1026,1,233.39,0,-0.01870951179252476,Normal,0.09118877389388863
647.23,4,Web,Germany,962,0,129.446,0,-0.06296576740212667,Normal,0.17033402215103882
549.61,5,Web,UK,913,1,91.60166666666667,0,-0.14457316582693483,Normal,0.06168727129617646
497.79,2,Tablet,India,81,0,165.93,0,-0.18789313495594073,Normal,0.09906179070240717
3294.0,22,Tablet,UK,1223,0,143.2173913043478,0,2.14965473996142,Anomaly,-0.05664959397546243
457.79,0,Mobile,Germany,1301,0,457.79,0,-0.22133193783437063,Normal,0.11902521665306115
9801.0,18,Tablet,India,1354,0,515.8421052631579,0,7.589311998210002,Anomaly,-0.14014244377451845
499.07,3,Mobile,USA,116,0,124.7675,0,-0.186823093263831,Normal,0.13897934977344711
560.47,4,Tablet,USA,1265,0,112.09400000000001,0,-0.13549453084544108,Normal,0.13313292988177422
668.4,1,Tablet,USA,1075,0,334.2,0,-0.045268280978717684,Normal,0.08305973728333593
283.82,1,Mobile,Germany,892,0,141.91,0,-0.36676565125338184,Normal,0.17478231561556062
481.56,2,Tablet,UK,148,0,160.52,0,-0.2014609292238637,Normal,0.13204395323123047
488.7,2,Mobile,India,624,0,162.9,0,-0.19549210291006394,Normal,0.15450639144283784
334.81,1,Tablet,USA,872,0,167.405,0,-0.32413953728410333,Normal,0.12159551424666698
573.15,2,Web,India,282,0,191.04999999999998,0,-0.12489443033297885,Normal,0.11102943949320537
612.11,5,Tablet,Germany,425,0,102.01833333333333,0,-0.09232503632938811,Normal,0.15051346681180167
456.4,2,Mobile,USA,515,0,152.13333333333333,0,-0.2224939362343961,Normal,0.16396994257929204
808.26,3,Tablet,Germany,742,0,202.065,0,0.07165049328571244,Normal,0.14847200573149072
452.1,4,Mobile,UK,433,0,90.42,0,-0.22608860754382729,Normal,0.14887018689543685
433.0,2,Mobile,Germany,1440,0,144.33333333333334,0,-0.24205563591827756,Normal,0.17127591354164112
428.65,2,Web,Germany,399,0,142.88333333333333,0,-0.24569210573130684,Normal,0.18069938489915371
377.68,2,Web,UK,351,1,125.89333333333333,0,-0.2883015002991461,Normal,0.05892088117910543
416.15,5,Mobile,India,955,0,69.35833333333333,0,-0.25614173163081616,Normal,0.13720732068670438
284.89,3,Tablet,UK,623,0,71.2225,0,-0.36587116327638386,Normal,0.12450033423449752
471.27,2,Mobile,UK,502,0,157.09,0,-0.2100630612643398,Normal,0.15421824422298575
508.62,4,Mobile,Germany,201,0,101.724,0,-0.17883957907660586,Normal,0.1814761789339398
157.58,7,Tablet,India,508,1,19.6975,0,-0.47229851313770654,Normal,0.017861765848984357
484.71,1,Tablet,USA,831,0,242.355,0,-0.19882762349718736,Normal,0.1179658665701816
506.32,7,Tablet,UK,1266,0,63.29,0,-0.1807623102421156,Normal,0.09793286453647376
577.19,3,Tablet,India,236,0,144.2975,0,-0.12151711124225738,Normal,0.10530529379307313
680.7,1,Mobile,UK,1404,0,340.35,0,-0.03498584909360044,Normal,0.094006686733201
627.7,2,Mobile,UK,148,0,209.23333333333335,0,-0.07929226290752003,Normal,0.13559359487611244
406.95,1,Web,UK,865,0,203.475,0,-0.263832656292855,Normal,0.1333076659027156
389.54,4,Mobile,UK,826,0,77.908,0,-0.2783868952456916,Normal,0.15831119610316685
586.93,3,Tablet,Germany,1182,0,146.7325,0,-0.11337476274135978,Normal,0.16841041870298373
417.91,2,Web,India,1148,0,139.30333333333334,0,-0.2546704243041652,Normal,0.1262449459510685
315.79,1,Tablet,India,1483,0,157.895,0,-0.3400396880527967,Normal,0.08545074827938565
9256.0,16,Mobile,India,1096,0,544.4705882352941,0,7.133708308991395,Anomaly,-0.13370099559429638
7961.0,27,Web,UK,113,0,284.32142857142856,0,6.051127065802227,Anomaly,-0.11382618247149967
406.02,3,Tablet,Germany,880,1,101.505,0,-0.26461010845977856,Normal,0.11601764874814768
171.18,1,Web,UK,677,0,85.59,0,-0.46092932015904037,Normal,0.09210376617456473
627.71,7,Web,UK,282,1,78.46375,0,-0.07928390320680044,Normal,0.037647654843080636
351.81,2,Mobile,India,1039,0,117.27,0,-0.3099280460607706,Normal,0.1333356336798482
504.29,3,Tablet,UK,1180,0,126.0725,0,-0.18245932948819588,Normal,0.14771254875745132
645.29,4,Web,USA,193,0,129.058,0,-0.06458754934173057,Normal,0.11725751179826988
354.16,3,Web,UK,1061,0,88.54,0,-0.30796351639166286,Normal,0.12554430193817367
511.92,6,Tablet,USA,1152,0,73.13142857142857,0,-0.17608087783913537,Normal,0.11139170872489368
728.57,5,Web,UK,302,0,121.42833333333334,0,0.005032038251160538,Normal,0.1034407258489648
131.49,2,Web,Germany,1404,0,43.830000000000005,0,-0.49410897231516243,Normal,0.11262039596609547
378.42,1,Web,Germany,1277,1,189.21,0,-0.2876828824458951,Normal,0.07264635970846434
364.32,5,Tablet,India,1251,0,60.72,0,-0.2994700604605417,Normal,0.09572733838447584
471.96,3,Tablet,UK,186,0,117.99,0,-0.20948624191468687,Normal,0.13911904890639554
492.83,5,Tablet,USA,1332,0,82.13833333333334,0,-0.19203954651286606,Normal,0.10655368691830508
340.81,1,Tablet,USA,67,0,170.405,0,-0.31912371685233887,Normal,0.08919467931781588
401.84,3,Mobile,UK,1302,0,100.46,0,-0.2681044633605745,Normal,0.13478731051808274
384.02,3,Web,USA,317,0,96.005,0,-0.283001450042915,Normal,0.13573619211334753
447.38,3,Tablet,Germany,1321,1,111.845,0,-0.23003438628348202,Normal,0.10340777371650495
532.73,2,Web,USA,986,0,177.57666666666668,0,-0.15868434064163223,Normal,0.1438271399920863
636.58,1,Web,India,1138,0,318.29,0,-0.07186884866850861,Normal,0.0992578272167371
658.3,4,Mobile,Germany,1261,0,131.66,0,-0.05371157870552125,Normal,0.17535298799022314
598.05,1,Tablet,Germany,1280,1,299.025,0,-0.10407877554115627,Normal,0.07737121196830765
368.9,7,Tablet,Germany,709,0,46.1125,0,-0.29564131753096146,Normal,0.12711330437998186
499.51,2,Web,UK,92,0,166.50333333333333,0,-0.18645526643216828,Normal,0.1266916327598675
856.15,3,Tablet,UK,1219,0,214.0375,0,0.1116851000319126,Normal,0.0872868324075246
8198.0,15,Web,Germany,261,0,512.375,0,6.249251972856924,Anomaly,-0.0819991016888153
433.92,6,Web,UK,1388,0,61.98857142857143,0,-0.24128654345207368,Normal,0.08770486587809945
737.31,2,Mobile,USA,805,0,245.76999999999998,0,0.01233841668009738,Normal,0.14293204457046121
441.79,1,Mobile,UK,906,0,220.895,0,-0.23470745898574258,Normal,0.14671229557639748
399.74,5,Mobile,UK,219,0,66.62333333333333,0,-0.269860000511692,Normal,0.12670450283968182
709.36,2,Web,Germany,825,0,236.45333333333335,0,-0.011026946831205447,Normal,0.16226880435134694
303.55,6,Tablet,India,618,0,43.364285714285714,0,-0.35027196173359626,Normal,0.0876304927604512
212.93,3,Mobile,India,456,0,53.2325,0,-0.4260275696546792,Normal,0.11035432718394195
641.19,4,Tablet,India,469,0,128.238,0,-0.06801502663676955,Normal,0.10745697829056333
504.15,2,Mobile,USA,977,0,168.04999999999998,0,-0.18257636529827043,Normal,0.16661436307304478
519.1,0,Mobile,UK,481,0,519.1,0,-0.1700786127224572,Normal,0.08734912110199833
445.79,3,Web,India,379,0,111.4475,0,-0.23136357869789959,Normal,0.12267642532222384
464.23,5,Mobile,Germany,909,1,77.37166666666667,0,-0.21594829057094342,Normal,0.1388107937060723
431.28,3,Mobile,India,932,1,107.82,0,-0.24349350444205006,Normal,0.09790358236382202
406.1,2,Web,India,146,0,135.36666666666667,0,-0.26454323085402165,Normal,0.11245427786384982
442.71,3,Tablet,UK,376,0,110.6775,0,-0.23393836651953873,Normal,0.14815644885173834
437.98,3,Mobile,UK,921,0,109.495,0,-0.23789250495991301,Normal,0.1618683342289583
375.71,2,Web,UK,193,0,125.23666666666666,0,-0.2899483613409088,Normal,0.12882441734315198
418.22,2,Mobile,USA,1320,0,139.40666666666667,0,-0.2544112735818574,Normal,0.1530992239994689
124.59,3,Web,USA,481,0,31.1475,0,-0.4998771658116916,Normal,0.0833570475121993
602.7,2,Tablet,India,1408,0,200.9,0,-0.10019151470653873,Normal,0.11119196772734136
558.54,1,Tablet,UK,663,0,279.27,0,-0.13710795308432538,Normal,0.11643697655769092
487.26,2,Web,India,758,0,162.42,0,-0.19669589981368743,Normal,0.1304047177844182
535.6,4,Web,Germany,546,0,107.12,0,-0.15628510653510488,Normal,0.1819143183139017
541.04,4,Web,Germany,811,0,108.208,0,-0.15173742934363846,Normal,0.1833405853996684
391.4,4,Tablet,UK,1283,0,78.28,0,-0.2768319909118447,Normal,0.12451029536996094
420.11,3,Mobile,UK,929,1,105.0275,0,-0.2528312901458516,Normal,0.09531143526172875
579.25,3,Tablet,Germany,519,1,144.8125,0,-0.11979501289401828,Normal,0.12142989036317475
531.13,1,Web,UK,639,0,265.565,0,-0.16002189275676945,Normal,0.12658302979987474
806.5,4,Web,USA,1011,0,161.3,0,0.07017918595906153,Normal,0.10053844137504725
742.94,2,Tablet,USA,1106,0,247.64666666666668,0,0.01704492818523648,Normal,0.1009165174607286
639.95,2,Web,UK,1315,0,213.3166666666667,0,-0.06905162952600088,Normal,0.10649267242710869
385.74,2,Tablet,Germany,925,0,128.58,0,-0.28156358151914246,Normal,0.16575779833307214
415.32,6,Web,India,1393,0,59.33142857142857,0,-0.2568355867905436,Normal,0.08320696658322801
349.69,1,Mobile,UK,1043,0,174.845,0,-0.31170030261332743,Normal,0.13275199483760936
541.96,2,Mobile,UK,1244,0,180.65333333333334,0,-0.15096833687743452,Normal,0.14912163137693907
88.86,2,Web,India,161,0,29.62,0,-0.5297463764828491,Normal,0.05427360378456847
431.21,2,Tablet,UK,1038,0,143.73666666666665,0,-0.2435520223470873,Normal,0.1373690657335742
453.99,5,Mobile,India,1228,0,75.665,0,-0.22450862410782146,Normal,0.1348301692377234
271.36,3,Tablet,Germany,1316,0,67.84,0,-0.37718183835001273,Normal,0.1328511962300719
619.66,1,Web,USA,473,1,309.83,0,-0.08601346228608452,Normal,0.05748581894864291
329.13,3,Tablet,Germany,1146,0,82.2825,0,-0.3288878472928404,Normal,0.14996766364442676
540.16,5,Mobile,USA,280,0,90.02666666666666,0,-0.1524730830069639,Normal,0.134067566256097
917.57,4,Tablet,India,1196,1,183.514,0,0.16303038185174176,Normal,0.030684938724196753
258.35,4,Tablet,USA,469,1,51.67,0,-0.38805780898622205,Normal,0.03895562082973314
477.72,5,Web,Germany,114,0,79.62,0,-0.20467105430019292,Normal,0.15989885037028917
438.88,2,Web,USA,1315,1,146.29333333333332,0,-0.23714013189514838,Normal,0.07753128677099874
409.7,3,Web,India,171,0,102.425,0,-0.261533738594963,Normal,0.1164105181156031
614.04,2,Mobile,USA,360,0,204.67999999999998,0,-0.09071161409050392,Normal,0.14838542997938697
665.95,8,Mobile,UK,443,0,73.99444444444445,0,-0.04731640765502146,Normal,0.10430596593150993
615.75,3,Web,Germany,861,0,153.9375,0,-0.089282105267451,Normal,0.18054152130764378
391.5,4,Web,UK,149,0,78.3,0,-0.27674839390464856,Normal,0.11361573976604239
865.08,5,Mobile,India,1165,0,144.18,0,0.11915031277452214,Normal,0.08732312345913934
234.46,4,Mobile,USA,96,0,46.892,0,-0.4080291340053643,Normal,0.09205675421657444
345.11,3,Mobile,UK,192,0,86.2775,0,-0.3155290455429076,Normal,0.13558625094328586
525.46,3,Mobile,UK,377,0,131.365,0,-0.16476184306478683,Normal,0.1534313723808569
513.41,1,Web,USA,138,0,256.705,0,-0.1748352824319139,Normal,0.11951233055023142
573.21,4,Mobile,USA,1279,0,114.64200000000001,0,-0.12484427212866117,Normal,0.15686475354282164
737.02,4,Web,Germany,679,0,147.404,0,0.012095985359228794,Normal,0.16352128856003756
482.02,3,Tablet,UK,1411,0,120.505,0,-0.20107638299076175,Normal,0.13652623455386825
517.06,2,Tablet,UK,158,1,172.35333333333332,0,-0.1717839916692572,Normal,0.046336614149870115
410.82,5,Mobile,India,994,0,68.47,0,-0.26059745211436697,Normal,0.1337301282489715
588.25,1,Tablet,Germany,861,0,294.125,0,-0.11227128224637156,Normal,0.14791335433259428
452.23,7,Tablet,India,1466,0,56.52875,0,-0.22597993143447237,Normal,0.06703938956179256
452.14,3,Tablet,UK,637,0,113.035,0,-0.2260551687409489,Normal,0.14874640311758636
581.52,4,Mobile,India,455,0,116.304,0,-0.1178973608306674,Normal,0.14425093584515059
655.24,2,Mobile,UK,893,0,218.41333333333333,0,-0.05626964712572109,Normal,0.14858940612645105
168.78,0,Tablet,UK,303,0,168.78,0,-0.4629356483317462,Normal,0.0792801841624059
554.12,4,Web,India,1176,0,110.824,0,-0.14080294080239186,Normal,0.1206210606975821
459.47,3,Tablet,India,259,1,114.8675,0,-0.21992750811347656,Normal,0.07629216603331757
642.14,4,Mobile,USA,887,0,128.428,0,-0.0672208550684069,Normal,0.1582014465370527
462.48,3,Mobile,USA,957,0,115.62,0,-0.21741123819687472,Normal,0.17432174786696553
695.16,1,Mobile,USA,984,1,347.58,0,-0.022897721853048097,Normal,0.0742106894010861
398.54,0,Tablet,UK,1335,0,398.54,0,-0.2708631645980449,Normal,0.08120749808296857
165.45,3,Web,India,1058,0,41.3625,0,-0.46571942867137545,Normal,0.07245983687503788
657.74,2,Mobile,Germany,798,0,219.24666666666667,0,-0.05417972194581922,Normal,0.18642947699970847
373.47,6,Mobile,UK,993,0,53.35285714285715,0,-0.2918209343021008,Normal,0.1257935622680587
262.96,2,Tablet,Germany,898,0,87.65333333333332,0,-0.38420398695448305,Normal,0.14219075523538172
8137.0,17,Web,India,899,0,452.05555555555554,0,6.198257798467319,Anomaly,-0.1085392710034363
464.12,3,Tablet,UK,79,0,116.03,0,-0.21604024727885912,Normal,0.13427080938854136
623.47,7,Mobile,Germany,634,0,77.93375,0,-0.08282841631191401,Normal,0.15460348090754944
633.86,5,Web,Germany,884,0,105.64333333333333,0,-0.07414268726424186,Normal,0.17510880834126735
514.34,4,Web,USA,1145,0,102.86800000000001,0,-0.17405783026499036,Normal,0.1373726495460234
367.28,1,Mobile,USA,1397,0,183.64,0,-0.2969955890475379,Normal,0.12961271860104434
543.04,6,Web,USA,1336,1,77.57714285714285,0,-0.15006548919971696,Normal,0.053026982949731405
524.78,1,Web,UK,480,0,262.39,0,-0.1653303027137202,Normal,0.12673114218450376
585.34,2,Tablet,India,100,0,195.11333333333334,0,-0.1147039551557773,Normal,0.09750294183390418
368.78,1,Mobile,India,539,0,184.39,0,-0.2957416339395968,Normal,0.13401299274789263
439.94,3,Mobile,USA,670,0,109.985,0,-0.23625400361886997,Normal,0.17367439507808102
576.41,2,Mobile,USA,748,0,192.13666666666666,0,-0.12216916789838683,Normal,0.16306000808080212
687.1,1,Mobile,USA,735,0,343.55,0,-0.029635640633051675,Normal,0.12011688098434947
644.89,0,Mobile,Germany,881,1,644.89,0,-0.06492193737051484,Normal,0.05161314772872461
512.31,1,Web,USA,201,1,256.155,0,-0.17575484951107076,Normal,0.060711547064552285
3425.0,20,Tablet,Germany,1275,0,163.0952380952381,0,2.259166819388278,Anomaly,-0.017423018016208602
560.57,5,Mobile,India,147,0,93.42833333333334,0,-0.13541093383824498,Normal,0.11718909435404273
336.29,2,Tablet,UK,354,0,112.09666666666668,0,-0.3229023015776014,Normal,0.13331971300177325
377.45,6,Tablet,UK,1213,0,53.92142857142857,0,-0.2884937734156971,Normal,0.11169496560263598
726.47,2,Web,UK,1018,0,242.15666666666667,0,0.0032765011000429494,Normal,0.10817345198253175
3918.0,28,Mobile,UK,512,0,135.10344827586206,0,2.6713000648649268,Anomaly,-0.05880202140659041
447.87,2,Web,Germany,212,0,149.29,0,-0.22962476094822126,Normal,0.1764301356563724
624.37,1,Mobile,Germany,582,0,312.185,0,-0.08207604324714936,Normal,0.17176219405026266
693.05,1,Web,USA,201,0,346.525,0,-0.024661618704885285,Normal,0.09130009563895436
433.3,2,Tablet,Germany,14,1,144.43333333333334,1,-0.24180484489668932,Anomaly,-0.030921750951301452
435.89,3,Mobile,USA,1270,0,108.9725,0,-0.23963968241031103,Normal,0.1667073223296326
417.1,2,Tablet,USA,320,0,139.03333333333333,0,-0.2553475600624534,Normal,0.12509394851216704
644.58,1,Tablet,UK,558,0,322.29,0,-0.06518108809282264,Normal,0.10801163376158807
646.03,5,Web,Germany,65,0,107.67166666666667,0,-0.06396893148847961,Normal,0.14652097023958693
8072.0,24,Mobile,Germany,452,0,322.88,0,6.14391974378987,Anomaly,-0.07845003895721447
651.29,2,Tablet,USA,1270,0,217.09666666666666,0,-0.05957172890996608,Normal,0.11704191580086609
255.17,1,Web,USA,879,0,127.585,0,-0.3907161938150573,Normal,0.11996220154912629
542.14,3,Mobile,India,1230,0,135.535,0,-0.15081786226448163,Normal,0.14339683704390283
341.24,0,Mobile,India,594,0,341.24,0,-0.3187642497213957,Normal,0.08906915593432452
423.06,2,Tablet,USA,761,0,141.02,0,-0.25036517843356737,Normal,0.1384720562344282
525.59,6,Mobile,India,1482,0,75.08428571428571,0,-0.16465316695543195,Normal,0.11765387865977461
625.33,7,Tablet,India,369,1,78.16625,0,-0.08127351197806701,Normal,0.05432608487484958
366.37,3,Mobile,USA,828,0,91.5925,0,-0.29775632181302214,Normal,0.16129600417007078
151.29,3,Web,USA,39,0,37.8225,0,-0.4775567648903397,Normal,0.05690306952813695
527.08,3,Tablet,Germany,117,0,131.77,0,-0.16340757154821042,Normal,0.15206783425167053
896.54,1,Tablet,USA,853,1,448.27,0,0.1454499312384072,Normal,0.00011409146878249565
469.57,3,Mobile,USA,726,0,117.3925,0,-0.21148421038667303,Normal,0.17289946063263256
507.04,4,Mobile,UK,900,0,101.408,0,-0.18016041179030381,Normal,0.16340921160023136
767.32,4,Tablet,Germany,969,0,153.464,0,0.037425878539639496,Normal,0.14455046139700034
588.54,1,Mobile,Germany,1478,0,294.27,0,-0.11202885092550297,Normal,0.15690479448004302
532.53,3,Web,Germany,902,0,133.1325,0,-0.15885153465602442,Normal,0.18280493281637528
566.32,0,Mobile,UK,1471,0,566.32,0,-0.1306041059244707,Normal,0.059803101002642745
6511.0,18,Web,USA,741,1,342.6842105263158,0,4.838970461459144,Anomaly,-0.10629488783665064
329.04,4,Web,Germany,615,0,65.808,0,-0.32896308459931684,Normal,0.1625154675041096
298.78,6,Web,Germany,466,0,42.68285714285714,0,-0.3542595389768491,Normal,0.14466303754080795
783.02,3,Web,India,624,0,195.755,0,0.05055060866942317,Normal,0.08831349750770712
527.58,2,Web,Germany,707,0,175.86,0,-0.16298958651223006,Normal,0.1833235773704977
515.01,4,Mobile,USA,683,1,103.002,0,-0.1734977303167767,Normal,0.11214296478867741
486.47,2,Web,USA,1280,0,162.15666666666667,0,-0.1973563161705364,Normal,0.13619401812871362
617.16,4,Mobile,India,552,0,123.43199999999999,0,-0.08810338746598638,Normal,0.1423416351781191
880.8,2,Web,Germany,866,0,293.59999999999997,0,0.13229176230574502,Normal,0.11297891135442883
578.59,6,Tablet,Germany,906,0,82.6557142857143,0,-0.12034675314151234,Normal,0.1539372336450911
411.79,2,Web,Germany,1472,0,137.26333333333335,0,-0.259786561144565,Normal,0.15216102363304596
479.99,0,Tablet,UK,287,0,479.99,0,-0.20277340223684204,Normal,0.0696307098052803
660.65,5,Web,Germany,561,1,110.10833333333333,0,-0.05174704903641347,Normal,0.10289415422436066
412.58,3,Web,USA,120,1,103.145,0,-0.25912614478771606,Normal,0.062011698611777466
627.84,2,Web,USA,394,0,209.28,0,-0.07917522709744555,Normal,0.13359190630531065
151.89,5,Tablet,UK,770,1,25.314999999999998,0,-0.47705518284716325,Normal,0.010176474200322527
465.52,4,Tablet,UK,1224,0,93.104,0,-0.2148698891781141,Normal,0.13457110772365305
594.22,4,Web,Germany,703,0,118.84400000000001,0,-0.10728054091676588,Normal,0.1818343462068821
690.52,7,Mobile,India,1459,0,86.315,0,-0.026776622986945952,Normal,0.0884929976570813
377.23,2,Web,UK,414,0,125.74333333333334,0,-0.28867768683152845,Normal,0.1383359483022658
274.59,2,Tablet,UK,1368,0,91.52999999999999,0,-0.3744816550175796,Normal,0.10503201401481238
460.89,5,Web,Germany,1242,0,76.815,0,-0.21874043061129234,Normal,0.15917461656999238
331.19,4,Tablet,Germany,31,0,66.238,0,-0.32716574894460126,Normal,0.1114269453713187
477.64,3,Tablet,UK,687,0,119.41,0,-0.20473793190594983,Normal,0.15128107893146053
499.0,2,Tablet,India,620,0,166.33333333333334,0,-0.18688161116886826,Normal,0.13115400791277165
302.13,4,Web,UK,1241,0,60.426,0,-0.35145903923578053,Normal,0.0990314006927347
620.67,4,Tablet,Germany,17,0,124.13399999999999,1,-0.08516913251340416,Normal,0.0006259879845510463
476.42,5,Tablet,Germany,711,0,79.40333333333334,0,-0.2057578153937419,Normal,0.15632423312928917
662.07,1,Web,UK,538,0,331.035,0,-0.050559971534229156,Normal,0.10292200819571784
223.26,2,Tablet,India,611,0,74.42,0,-0.4173919988113247,Normal,0.09289543420292412
347.42,1,Web,UK,666,1,173.71,0,-0.3135979546766783,Normal,0.049084478418924715
5809.0,25,Tablet,UK,175,0,223.42307692307693,0,4.2521194709426995,Anomaly,-0.08675596889777692
380.13,1,Mobile,Germany,858,0,190.065,0,-0.28625337362284226,Normal,0.18106085437082353
475.32,3,Mobile,India,505,1,118.83,0,-0.20667738247289874,Normal,0.10215272561243116
500.1,1,Tablet,USA,599,0,250.05,0,-0.1859620440897114,Normal,0.11016296042997697
523.74,2,Mobile,India,438,0,174.58,0,-0.16619971158855934,Normal,0.1465357822591009
398.37,5,Web,UK,783,0,66.395,0,-0.27100527951027825,Normal,0.12122320223372735
522.39,4,Mobile,UK,172,1,104.478,0,-0.16732827118570637,Normal,0.07502559900913763
382.62,3,Tablet,UK,375,0,95.655,0,-0.28417180814366,Normal,0.1421350196014029
601.14,3,Tablet,India,1272,0,150.285,0,-0.10149562801879754,Normal,0.12260694699608116
482.77,5,Web,Germany,81,0,80.46166666666666,0,-0.20044940543679118,Normal,0.15846182354951055
523.26,3,Tablet,UK,1478,0,130.815,0,-0.16660097722310052,Normal,0.12461088883321164
885.49,2,Web,UK,664,0,295.16333333333336,0,0.13621246194324096,Normal,0.07180393202940538
333.93,1,Mobile,India,278,0,166.965,0,-0.3248751909474288,Normal,0.11484857164525292
708.29,2,Mobile,USA,424,0,236.09666666666666,0,-0.011921434808203488,Normal,0.136570130871085
101.1,1,Web,USA,1278,1,50.55,0,-0.5195141028020496,Normal,0.015222030082859273
188.24,2,Web,Germany,1025,0,62.74666666666667,0,-0.4466676707313901,Normal,0.1427291156185847
313.9,1,Tablet,Germany,684,0,156.95,0,-0.34161967148880257,Normal,0.15158674078099632
323.37,3,Mobile,UK,1093,1,80.8425,0,-0.3337030349073343,Normal,0.08117347651861861
530.56,3,Web,India,15,0,132.64,1,-0.16049839569778712,Anomaly,-0.03032345833595229
543.48,6,Mobile,UK,991,0,77.64,0,-0.1496976623680542,Normal,0.14340611258451064
461.78,5,Web,Germany,579,0,76.96333333333332,0,-0.21799641724724728,Normal,0.17630111187997694
477.52,6,Mobile,India,416,1,68.21714285714286,0,-0.2048382483145851,Normal,0.08427427693098954
579.16,1,Tablet,India,1250,0,289.58,0,-0.11987025020049477,Normal,0.10133019554842104
624.98,2,Mobile,Germany,35,0,208.32666666666668,0,-0.0815661015032533,Normal,0.1468873423196025
301.02,4,Mobile,USA,1038,1,60.20399999999999,0,-0.352386966015657,Normal,0.08395430017749472
445.72,2,Mobile,USA,995,0,148.57333333333335,0,-0.23142209660293683,Normal,0.1705729310013564
489.56,1,Mobile,India,399,1,244.78,0,-0.1947731686481777,Normal,0.08895502149995194
572.8,4,Mobile,UK,719,1,114.55999999999999,0,-0.12518701985816513,Normal,0.08954654548052177
5741.0,21,Tablet,USA,580,0,260.95454545454544,0,4.195273506049368,Anomaly,-0.0745098104671158
486.62,1,Web,UK,1481,0,243.31,0,-0.1972309206597423,Normal,0.09259812540049084
504.5,4,Mobile,USA,763,0,100.9,0,-0.18228377577308413,Normal,0.16480604652019581
394.33,3,Tablet,USA,155,0,98.5825,0,-0.27438259860099967,Normal,0.10665195658022947
390.75,1,Mobile,UK,1421,0,195.375,0,-0.2773753714586191,Normal,0.12222347979770298
514.81,2,Mobile,Germany,794,0,171.60333333333332,0,-0.17366492433116887,Normal,0.19275348917575502
480.45,1,Web,USA,1282,1,240.225,0,-0.20238885600374013,Normal,0.06871408610905605
575.07,2,Mobile,USA,535,0,191.69000000000003,0,-0.12328936779481417,Normal,0.1607474447275678
342.01,2,Tablet,UK,1495,0,114.00333333333333,0,-0.31812055276598594,Normal,0.11713819983626489
447.4,3,Tablet,Germany,22,1,111.85,1,-0.23001766688204284,Anomaly,-0.02357788400751526
465.62,4,Web,USA,912,1,93.124,0,-0.214786292170918,Normal,0.086851347335209
622.08,4,Mobile,USA,393,0,124.41600000000001,0,-0.08399041471193944,Normal,0.15093801902903298
358.94,0,Tablet,Germany,565,1,358.94,0,-0.3039675794476905,Normal,0.06767921421623102
535.2,3,Mobile,USA,896,0,133.8,0,-0.15661949456388916,Normal,0.17111319032238664
537.91,0,Mobile,Germany,1432,1,537.91,0,-0.1543540156688756,Normal,0.051889352020426216
746.96,3,Mobile,Germany,28,0,186.74,1,0.02040552787451867,Normal,0.009389711635251818
348.94,1,Web,UK,584,0,174.47,0,-0.312327280167298,Normal,0.12445620338143326
401.42,4,Mobile,India,760,0,80.284,0,-0.26845557079079796,Normal,0.1381737323010891
359.4,5,Tablet,Germany,1013,0,59.9,0,-0.30358303321458857,Normal,0.14746116458000397
249.53,1,Mobile,UK,428,0,124.765,0,-0.3954310650209159,Normal,0.11527615954968035
764.7,3,Tablet,India,1370,0,191.175,0,0.03523563695110233,Normal,0.09878510613518499
313.77,3,Mobile,USA,428,0,78.4425,0,-0.34172834759815746,Normal,0.14478110266056332
377.55,3,Tablet,India,131,1,94.3875,0,-0.288410176408501,Normal,0.0519079674200178
697.36,2,Tablet,Germany,441,0,232.45333333333335,0,-0.021058587694734412,Normal,0.14844282699048328
237.03,3,Mobile,Germany,53,0,59.2575,0,-0.4058806909204252,Normal,0.12673324720947976
613.45,3,Mobile,Germany,1350,0,153.3625,0,-0.09120483643296069,Normal,0.17551805607084187
288.05,4,Tablet,Germany,390,0,57.61,0,-0.3632294978489879,Normal,0.13528687565949848
687.0,3,Web,Germany,154,1,171.75,0,-0.029719237640247767,Normal,0.09250859258170702
174.52,1,Mobile,UK,1360,1,87.26,0,-0.45813718011869153,Normal,0.02300976195486426
236.98,2,Web,Germany,372,0,78.99333333333333,0,-0.4059224894240232,Normal,0.148717974292006
418.26,4,Mobile,UK,1083,0,83.652,0,-0.25437783477897896,Normal,0.14662814871357677
645.77,1,Mobile,USA,1098,0,322.885,0,-0.06418628370718939,Normal,0.13130333690932228
495.36,4,Mobile,Germany,364,0,99.072,0,-0.18992454223080535,Normal,0.18111254278012523
449.64,2,Mobile,Germany,809,1,149.88,0,-0.22814509392085075,Normal,0.14847771509629998
701.91,1,Web,India,1197,0,350.955,0,-0.017254923867313053,Normal,0.07357092497411455
823.29,5,Mobile,USA,1174,0,137.215,0,0.08421512346728244,Normal,0.11177021241772533
3825.0,19,Tablet,Germany,835,0,191.25,0,2.593554848172577,Anomaly,-0.02528500826063318
406.57,1,Tablet,Germany,1161,0,203.285,0,-0.26415032492020013,Normal,0.1496590251312122
437.28,7,Web,USA,407,1,54.66,0,-0.2384776840102856,Normal,0.038819881465468664
306.73,4,Mobile,UK,889,0,61.346000000000004,0,-0.3476135769047611,Normal,0.14368330041402266
515.12,3,Tablet,Germany,472,0,128.78,0,-0.173405773608861,Normal,0.16905606883918445
255.56,3,Web,India,817,0,63.89,0,-0.39039016548699257,Normal,0.09937031102199567
582.78,0,Mobile,Germany,196,0,582.78,0,-0.11684403853999686,Normal,0.10313008349161545
800.84,3,Tablet,India,741,0,200.21,0,0.06544759535176373,Normal,0.10817518796241038
607.64,3,Tablet,India,1223,0,151.91,0,-0.09606182255105268,Normal,0.1240554357393055
429.63,1,Web,Germany,1421,0,214.815,0,-0.2448728550607853,Normal,0.1478373318825889
579.04,0,Mobile,Germany,438,0,579.04,0,-0.11997056660913007,Normal,0.11158656500771508
743.08,2,Mobile,India,867,0,247.69333333333336,0,0.01716196399531097,Normal,0.1377218393564535
735.57,4,Tablet,USA,1317,0,147.114,0,0.010883828754885768,Normal,0.10061555245359477
349.44,6,Tablet,USA,246,0,49.92,0,-0.3119092951313176,Normal,0.08670127975671993
576.54,3,Tablet,Germany,1227,0,144.135,0,-0.12206049178903193,Normal,0.16812261046091947
476.28,3,Mobile,UK,1320,0,119.07,0,-0.20587485120381646,Normal,0.1407095382889354
620.99,2,Web,USA,780,0,206.99666666666667,0,-0.08490162209037669,Normal,0.13997247040812238
557.54,1,Web,Germany,767,0,278.77,0,-0.13794392315628615,Normal,0.16376645412173713
144.54,0,Mobile,USA,145,0,144.54,0,-0.48319956287607474,Normal,0.08191988548588769
447.8,2,Web,UK,801,0,149.26666666666668,0,-0.2296832788532585,Normal,0.14973665067163966
529.78,6,Tablet,Germany,180,0,75.68285714285715,0,-0.16115045235391648,Normal,0.13150299928684156
284.85,6,Web,UK,168,0,40.69285714285714,0,-0.36590460207926223,Normal,0.08250525057967611
587.15,3,Web,Germany,210,0,146.7875,0,-0.11319084932552839,Normal,0.17279448895632765
271.4,3,Web,UK,971,0,67.85,0,-0.37714839954713436,Normal,0.11494192271685633
380.23,2,Tablet,USA,592,0,126.74333333333334,0,-0.2861697766156462,Normal,0.13065743803042434
701.2,5,Mobile,USA,885,0,116.86666666666667,0,-0.017848462618405118,Normal,0.14417846368438675
367.43,3,Tablet,UK,380,1,91.8575,0,-0.29687019353674376,Normal,0.06722656706260322
586.1,2,Mobile,UK,112,0,195.36666666666667,0,-0.11406861790108715,Normal,0.1352744824777818
236.96,2,Mobile,UK,1011,0,78.98666666666666,0,-0.4059392088254624,Normal,0.12139751307684515
812.2,2,Mobile,Germany,1158,0,270.73333333333335,0,0.07494421536923783,Normal,0.14939966466813942
454.32,3,Web,USA,1346,0,113.58,0,-0.22423275398407444,Normal,0.13244216400432707
514.3,1,Web,Germany,985,0,257.15,0,-0.17409126906786884,Normal,0.1643787504888723
526.86,6,Mobile,USA,807,0,75.26571428571428,0,-0.16359148496404183,Normal,0.15252417808878937
591.14,4,Mobile,India,1491,1,118.228,0,-0.109855328738405,Normal,0.07157907149265696
272.12,6,Web,Germany,1263,0,38.87428571428571,0,-0.37654650109532256,Normal,0.13296238655337977
499.2,2,Tablet,USA,667,1,166.4,0,-0.18671441715447612,Normal,0.08672139537224705
401.18,5,Mobile,USA,891,0,66.86333333333333,0,-0.2686562036080685,Normal,0.15291766484685776
246.57,2,Tablet,Germany,1230,0,82.19,0,-0.3979055364339197,Normal,0.1251322595853327
648.07,3,Web,Germany,742,0,162.0175,0,-0.06226355254167962,Normal,0.1763210170511348
447.17,6,Mobile,USA,432,0,63.88142857142857,0,-0.23020993999859377,Normal,0.14497161391664876
536.38,6,Tablet,Germany,581,0,76.62571428571428,0,-0.15563304987897553,Normal,0.15013992089989237
526.98,5,Tablet,UK,180,0,87.83,0,-0.16349116855540652,Normal,0.11729090901594158
449.77,4,Tablet,Germany,1415,0,89.954,0,-0.22803641781149586,Normal,0.15114373207901077
796.25,3,Web,Germany,182,1,199.0625,0,0.06161049272146387,Normal,0.07588389556939212
492.91,1,Web,Germany,672,1,246.455,0,-0.19197266890710918,Normal,0.10289584485440845
266.31,4,Tablet,USA,462,0,53.262,0,-0.3814034872134145,Normal,0.08759079228067407
439.94,3,Tablet,UK,359,0,109.985,0,-0.23625400361886997,Normal,0.14708494421976304
